treatment,movement
control,18
control,15
control,18
control,17
control,18
control,13
control,14
control,16
control,20
control,17
control,19
control,12
control,20
control,17
control,16
control,23
neuromodulation,23
neuromodulation,19
neuromodulation,21
neuromodulation,19
neuromodulation,20
neuromodulation,17
neuromodulation,18
neuromodulation,18
neuromodulation,23
neuromodulation,21
neuromodulation,19
neuromodulation,23
neuromodulation,25
neuromodulation,20
neuromodulation,17
neuromodulation,24
physical therapy,18
physical therapy,20
physical therapy,20
physical therapy,18
physical therapy,15
physical therapy,21
physical therapy,20
physical therapy,17
physical therapy,19
physical therapy,20
physical therapy,15
physical therapy,16
physical therapy,17
physical therapy,21
physical therapy,15
physical therapy,21
neuro + PT,21
neuro + PT,17
neuro + PT,17
neuro + PT,17
neuro + PT,20
neuro + PT,19
neuro + PT,20
neuro + PT,15
neuro + PT,21
neuro + PT,23
neuro + PT,17
neuro + PT,17
neuro + PT,20
neuro + PT,19
neuro + PT,19
neuro + PT,19